/basics /about 301
/channels/* /media/:splat 301
/media/aantonop /tags/aantonop 301
/media/chomskysphilosophy /tags/noam-chomsky 301
/media/contrapoints /tags/contrapoints 301
/media/cracked /tags/cracked 301
/media/deepgreenresistance /tags/deep-green-resistance 301
/media/friendlyjordies /tags/friendly-jordies 301
/media/independentman /tags/independent-man 301
/media/peoplespolicyproject /tags/peoples-policy-project 301
/media/schooloflife /tags/school-of-life 301
/media/steviecutts /tags/stevie-cutts 301
/media/stopautonomousweapons /tags/stop-autonomous-weapons 301
/media/theyoungturks /tags/the-young-turks 301
/media/victhetv /tags/vic-berger 301
/media/netflix /tags/netflix 301
/tags/berni-sanders /tags/bernie-sanders 301
/tags/bitcoin /tags/cryptocurrency 301
/tags/chomsky /tags/noam-chomsky 301
/tags/climate /tags/climate-change 301
/tags/cyptocurrency /tags/cryptocurrency 301
/tags/dirkkelly /tags/dirk-kelly 301
/tags/empire-files /tags/empire 301
/tags/etherium /tags/cryptocurrency 301
/tags/farm /tags/the-farm 301
/tags/gacohen /tags/g-a-cohen 301
/tags/hate /tags/violence 301
/tags/hypernormalization /tags/hypernormalisation 301
/tags/ico /tags/cryptocurrency 301
/tags/ipo /tags/cryptocurrency 301
/tags/isis /tags/terrorism 301
/tags/reflection /tags/dirk-kelly 301
/tags/mic /tags/military-industrial-complex 301
/tags/naxism /tags/nazism 301
/tags/personal/* /tags/dirk-kelly 301
/tags/reddit /tags/social-media 301
/tags/trump /tags/donald-trump 301
/tags/union /tags/unite 301
/tags/usmic /tags/mic 301
/technology/* /essays/technology/:splat 301
